<?xml version="1.0" encoding="utf-8"?>
<RelativeLayout xmlns:android="http://schemas.android.com/apk/res/android"
    xmlns:tools="http://schemas.android.com/tools"
    android:id="@+id/relativeView"
    android:layout_width="match_parent"
    android:layout_height="match_parent"
    android:layout_gravity="center"
    android:layout_weight="1"
    android:background="@color/bg_color"
    android:orientation="vertical">
    <LinearLayout
        android:layout_width="fill_parent"
        android:layout_height="wrap_content"
        android:orientation="vertical"
        android:id="@+id/rel_main"
        android:layout_alignParentBottom="true"
        android:layout_marginBottom="90dp"
        android:gravity="bottom">



    <LinearLayout android:orientation="horizontal"
        android:layout_height="fill_parent"
        android:layout_width="fill_parent"
       >

        <LinearLayout
            android:id="@+id/lv_start"
            android:layout_weight="1"
            android:layout_height="114dp"
            android:layout_width="0dp"
           >
            <ImageView

                android:layout_width="fill_parent"
                android:layout_height="wrap_content"
                android:src="@drawable/start"

                android:layout_marginLeft="10dp"
                android:layout_marginTop="10dp"
                android:layout_gravity="center|end"
                android:layout_marginBottom="10dp"
                android:scaleType="fitCenter"/>
        </LinearLayout>

        <LinearLayout
            android:layout_weight="1"
            android:layout_height="114dp"
            android:layout_width="0dp"
            android:id="@+id/lv_setting">
            <ImageView
                android:layout_width="fill_parent"
                android:layout_height="wrap_content"
                android:layout_marginRight="10dp"
                android:layout_marginTop="10dp"
                android:layout_marginBottom="10dp"
                android:layout_gravity="center_vertical|start"
                android:src="@drawable/setting_home"/>
        </LinearLayout>

    </LinearLayout>
    <LinearLayout android:orientation="horizontal"
        android:layout_height="fill_parent"
        android:layout_width="fill_parent"
        >

        <LinearLayout
            android:id="@+id/lv_feedback"
            android:layout_width="0dp"
            android:layout_height="114dp"
            android:layout_marginBottom="-2dp"
            android:layout_weight="1">

            <ImageView
                android:layout_width="fill_parent"
                android:layout_height="match_parent"
                android:layout_gravity="center_vertical|end"
                android:layout_marginLeft="10dp"
                android:layout_marginTop="10dp"
                android:layout_marginBottom="10dp"
                android:src="@drawable/feedback_home" />
        </LinearLayout>

        <LinearLayout
            android:layout_weight="1"
            android:layout_height="114dp"
            android:layout_width="0dp"
            android:id="@+id/lv_rate">
            <ImageView
                android:layout_width="fill_parent"
                android:layout_height="match_parent"
                android:src="@drawable/rate_home"
                android:layout_marginRight="10dp"
                android:layout_marginTop="10dp"
                android:layout_marginBottom="10dp"
                android:layout_gravity="center_vertical|start"/>

        </LinearLayout>


    </LinearLayout>


    </LinearLayout>

    <TextView
        android:id="@+id/logo"
        android:layout_width="match_parent"
        android:layout_height="wrap_content"

        android:fontFamily="@font/boldfont"
        android:text="@string/maths"
        android:textAlignment="center"
        android:textColor="@color/red"
        android:textSize="60dp">

    </TextView>

    <LinearLayout
        android:layout_width="match_parent"
        android:layout_height="wrap_content"/>

    <TextView
        android:id="@+id/instru"
        android:layout_width="match_parent"
        android:layout_height="wrap_content"
        android:layout_marginTop="70dp"
        android:fontFamily="@font/boldfont"

        android:text="@string/instru"
        android:textAlignment="center"
        android:textColor="@color/red"
        android:textSize="20dp">

    </TextView>

<!--    <LinearLayout-->
<!--        android:layout_width="match_parent"-->
<!--        android:layout_height="wrap_content"-->
<!--        android:showDividers="middle"-->
<!--        android:divider="@drawable/empty_tall_divider">-->
<!--    </LinearLayout>-->

    <ImageView
        android:id="@+id/img_bg"
        android:layout_width="wrap_content"
        android:layout_height="205dp"
        android:layout_above="@+id/rel_main"
        android:layout_centerInParent="true"
        android:layout_marginTop="40dp"
        android:scaleType="fitCenter"
        android:src="@drawable/plain" />
<!--    <LinearLayout-->
<!--        android:layout_width="match_parent"-->
<!--        android:layout_height="wrap_content"-->
<!--        android:showDividers="middle"-->
<!--        android:divider="@drawable/empty_tall_divider">-->
<!--    </LinearLayout>-->
    <RelativeLayout
        android:id="@+id/rel_main23"
        android:layout_width="wrap_content"
        android:layout_height="wrap_content"
        android:layout_alignParentBottom="true"
       android:layout_margin="10dp"
        android:gravity="bottom"
        android:visibility="gone">

        <LinearLayout android:orientation="horizontal"
            android:layout_height="wrap_content"
            android:layout_width="match_parent"
            android:id="@+id/ll_first">

            <LinearLayout
                android:layout_weight="1"
                android:layout_height="wrap_content"
                android:layout_width="0dp"

               >
                <ImageView
                    android:layout_width="wrap_content"
                    android:layout_height="wrap_content"
                    android:src="@drawable/start"
                    android:scaleType="fitCenter"
                   android:layout_marginLeft="10dp"
                    android:layout_marginRight="10dp"

                   />
            </LinearLayout>

            <LinearLayout
                android:layout_weight="1"
                android:layout_height="wrap_content"
                android:layout_width="0dp"
                >
                <ImageView
                    android:layout_width="wrap_content"
                    android:layout_height="wrap_content"
                    android:src="@drawable/start"
                    android:layout_marginLeft="10dp"
                    android:layout_marginRight="10dp"
                    />
            </LinearLayout>

        </LinearLayout>

        <LinearLayout android:orientation="horizontal"
            android:layout_height="wrap_content"
            android:layout_width="wrap_content"
            android:layout_below="@+id/ll_first">

            <LinearLayout
                android:layout_weight="1"
                android:layout_height="wrap_content"
                android:layout_width="0dp"

                >
                <ImageView
                    android:layout_width="wrap_content"
                    android:layout_height="wrap_content"
                    android:src="@drawable/start"
                    android:layout_marginLeft="10dp"
                    android:layout_marginRight="10dp"
                    />
            </LinearLayout>

            <LinearLayout
                android:layout_weight="1"
                android:layout_height="wrap_content"
                android:layout_width="0dp"

                >
                <ImageView
                    android:layout_width="wrap_content"
                    android:layout_height="wrap_content"
                    android:src="@drawable/start"
                    android:layout_marginLeft="10dp"
                    android:layout_marginRight="10dp"
                  />
            </LinearLayout>

        </LinearLayout>
<!--        <RelativeLayout-->
<!--            android:id="@+id/relative_one"-->
<!--            android:layout_width="match_parent"-->
<!--            android:layout_height="wrap_content"-->
<!--            android:gravity="center"-->
<!--            android:orientation="horizontal">-->

<!--            <RelativeLayout-->
<!--                android:id="@+id/btn_start"-->
<!--                android:layout_width="150dp"-->
<!--                android:layout_height="100dp"-->
<!--                android:background="@drawable/start_bg"-->
<!--                android:layout_marginRight="7dp">-->

<!--                <LinearLayout-->
<!--                    android:id="@+id/lv_start"-->
<!--                    android:layout_width="match_parent"-->
<!--                    android:layout_height="match_parent"-->
<!--                    android:orientation="vertical"-->
<!--                    android:gravity="center">-->

<!--                    <Button-->
<!--                        android:layout_width="30dp"-->
<!--                        android:layout_height="30dp"-->
<!--                        android:background="@drawable/start_1" />-->


<!--                    <TextView-->
<!--                        android:layout_width="wrap_content"-->
<!--                        android:layout_height="wrap_content"-->
<!--                        android:text="Start"-->
<!--                        android:textColor="#045554"-->
<!--                        android:fontFamily="@font/regularfont"-->
<!--                        android:textAppearance="@style/Base.TextAppearance.AppCompat.Medium"/>-->
<!--                </LinearLayout>-->


<!--            </RelativeLayout>-->
<!--            <RelativeLayout-->
<!--                android:layout_toRightOf="@id/btn_start"-->
<!--                android:id="@+id/btn_setting"-->
<!--                android:layout_width="150dp"-->
<!--                android:layout_height="100dp"-->
<!--                android:background="@drawable/setting_bg"-->
<!--                android:gravity="center"-->
<!--                android:layout_centerInParent="true"-->
<!--                android:layout_marginLeft="7dp">-->
<!--                <LinearLayout-->
<!--                    android:id="@+id/lv_setting"-->
<!--                    android:layout_width="match_parent"-->
<!--                    android:layout_height="match_parent"-->
<!--                    android:orientation="vertical"-->
<!--                    android:gravity="center">-->
<!--                    <Button-->
<!--                        android:layout_width="30dp"-->
<!--                        android:layout_height="30dp"-->
<!--                        android:background="@drawable/setting_1" />-->
<!--                    <TextView-->
<!--                        android:layout_width="wrap_content"-->
<!--                        android:layout_height="wrap_content"-->
<!--                        android:text="Setting"-->
<!--                        android:textColor="#5B4504"-->
<!--                        android:fontFamily="@font/regularfont"-->
<!--                        android:textAppearance="@style/Base.TextAppearance.AppCompat.Medium"/>-->
<!--                </LinearLayout>-->
<!--            </RelativeLayout>-->
<!--        </RelativeLayout>-->

<!--        <RelativeLayout-->
<!--            android:id="@+id/relative_two"-->
<!--            android:layout_width="match_parent"-->
<!--            android:layout_height="wrap_content"-->
<!--            android:layout_below="@+id/relative_one"-->
<!--            android:layout_marginBottom="60dp"-->
<!--            android:layout_marginTop="14dp"-->
<!--            android:gravity="center"-->
<!--            android:orientation="horizontal">-->

<!--            <RelativeLayout-->
<!--                android:id="@+id/btn_feedback"-->
<!--                android:layout_width="150dp"-->
<!--                android:layout_height="100dp"-->
<!--                android:background="@drawable/feedback_bg"-->
<!--                android:layout_marginRight="7dp">-->

<!--                <LinearLayout-->
<!--                    android:id="@+id/lv_feedback"-->
<!--                    android:layout_width="match_parent"-->
<!--                    android:layout_height="match_parent"-->
<!--                    android:orientation="vertical"-->
<!--                    android:gravity="center">-->

<!--                    <Button-->
<!--                        android:layout_width="30dp"-->
<!--                        android:layout_height="30dp"-->
<!--                        android:background="@drawable/feedback_1" />-->


<!--                    <TextView-->
<!--                        android:layout_width="wrap_content"-->
<!--                        android:layout_height="wrap_content"-->
<!--                        android:text="Feedback"-->
<!--                        android:textColor="#7B0A55"-->
<!--                        android:fontFamily="@font/regularfont"-->
<!--                        android:textAppearance="@style/Base.TextAppearance.AppCompat.Medium"/>-->
<!--                </LinearLayout>-->


<!--            </RelativeLayout>-->

<!--            <RelativeLayout-->
<!--                android:layout_toRightOf="@id/btn_feedback"-->
<!--                android:id="@+id/btn_rate"-->
<!--                android:layout_width="150dp"-->
<!--                android:layout_height="100dp"-->
<!--                android:background="@drawable/rate"-->
<!--                android:gravity="center"-->
<!--                android:layout_centerInParent="true"-->
<!--                android:layout_marginLeft="7dp">-->

<!--                <LinearLayout-->
<!--                    android:id="@+id/lv_rate"-->
<!--                    android:layout_width="match_parent"-->
<!--                    android:layout_height="match_parent"-->
<!--                    android:orientation="vertical"-->
<!--                    android:gravity="center">-->

<!--                    <Button-->
<!--                        android:layout_width="30dp"-->
<!--                        android:layout_height="30dp"-->
<!--                        android:background="@drawable/rate_1" />-->


<!--                    <TextView-->
<!--                        android:layout_width="wrap_content"-->
<!--                        android:layout_height="wrap_content"-->
<!--                        android:text="Rate us"-->
<!--                        android:textColor="#005802"-->
<!--                        android:fontFamily="@font/regularfont"-->
<!--                        android:textAppearance="@style/Base.TextAppearance.AppCompat.Medium"/>-->
<!--                </LinearLayout>-->










            <!--</RelativeLayout>-->


        <!--</RelativeLayout>-->
    </RelativeLayout>

</RelativeLayout>